,E,S,G
0,온실가스,지원,이사회
1,에너지,고객,사외이사
2,사용,운영,임직원
3,제품,임직원,운영
4,개발,제공,관련
5,친환경,서비스,구성
6,환경,실시,회사
7,배출량,활동,윤리경영
8,관리,교육,실시
9,노력,프로그램,이사
10,자동차,노력,이해관계자
11,발생,대상,강화
12,배출,강화,리스크
13,활동,협력사,경영
14,감축,기업,기업
15,현대자동차,다양한,활동
16,적용,협력회사,이해관계
17,사업장,지속적,노력
18,저감,관리,수행
19,대비,글로벌,삼성전자
20,지속적,진행,업무
21,전자,현대자동차,투명
22,재활용,삼성전자,관리
23,기술,구축,주요
24,운영,확대,그룹
25,구축,지역,주주
26,삼성전자,참여,실천
27,시스템,직원,교육
28,국내,개발,사항
29,확대,전자,위원회
30,대응,향상,전자
31,추진,관련,주주총회
32,폐기물,사회적,의견
33,기후변화,개선,경우
34,사용량,다양,기준
35,목표,시스템,대상
36,개선,추진,경영진
37,생산,사회공헌,평가
38,기업,성장,지배구조
39,기준,업무,구축
40,글로벌,지역사회,정보
41,인증,사업,개최
42,관련,국내,제공
43,실시,사회,이슈
44,영향,임직원들,규정
45,도입,금융,독립성
46,규제,품질,감사위원회
47,계획,역량,이해관계자들
48,강화,활용,지속적
49,감소,기술,조직
50,향상,대한항공,원칙
51,사업,기회,점검
52,절감,시행,투명성
53,차량,회사,중요
54,항공기,발생,의사결정
55,기아자동차,사업장,결정
56,참여,문화,준수
57,증가,정보,반영
58,기존,제품,공정거래
59,경우,환경,고객
60,효율,조성,발생
61,엔진,중소기업,법규
62,하이브리드,해외,정도경영
63,연비,과정,필요
64,자원,보호,다양
65,연료,기아자동차,참여
66,대한항공,평가,포함
67,시행,확보,다양한
68,환경경영,경쟁력,위반
69,과정,가치,제정
70,수립,필요,금융그룹
71,세계,소통,내부통제
72,지원,구성,지속가능경영
73,진행,결과,내부
74,활용,실천,결과
75,달성,창출,윤리적
76,이상,우수,사전
77,대상,제도,글로벌
78,설비,기반,대응
79,설치,수행,준법경영
80,제공,예방,내용
81,물질,직원들,감사
82,처리,바탕,공개
83,고효율,계획,준법
84,다양한,선정,채널
85,예정,마련,협력사
86,미국,발전,행위
87,결과,기준,윤리강령
88,최초,인재,가치
89,수준,사용,하나금융그룹
90,유해물질,개최,커뮤니케이션
91,출시,세계,윤리
92,임직원,수준,시스템
93,이용,주요,추진
94,단계,건강,법률
95,녹색경영,조직,사회적
96,지역,금융그룹,프로그램
97,실천,장애,선임
98,평가,경우,지원
99,공장,육성,소통
100,절약,이용,임직원들
101,연간,도입,요구
102,화학물질,상품,컴플라이언스
103,가능,분야,윤리규범
104,정부,최고,전문성
105,검증,중심,기아자동차
106,적극적,현장,검토
107,태양광,해결,마련
108,포함,그룹,과정
109,협력사,현지,여부
110,모델,점검,역할
111,성과,대응,협력회사
112,환경영향,경영,보호
113,효율적,공유,진행
114,주요,자동차,방지
115,지속가능,포함,분야
116,공정,이상,제도
117,효과,행사,해당
118,오염물질,협력,확보
119,시장,적용,이상
120,정보,수립,수립
121,수자원,채용,확인
122,재생에너지,적극적,모니터링
123,발전,가능,보수
124,분석,조사,시행
125,최소화,삼성중공업,성과
126,확보,목표,공시
127,선정,체계적,판단
128,설계,문제,사회
129,전략,미래,파악
130,기반,인력,사내이사
131,부문,만족,거래
132,저탄소,전문,사외이사후보추천위원회
133,회수,캠페인,프로세스
134,협력회사,전개,바탕
135,수행,기업은행,추천
136,다양,최초,대한항공
137,배출가스,예정,안건
138,고객,시작,이행
139,이후,양성,현대자동차
140,국내외,봉사활동,우리
141,전개,성과,외부
142,설정,체계,수준
143,프로그램,활성화,예방
144,체계적,행복,공정
145,데이터,여성,정책
146,전년,적극,경영활동
147,판매,변화,영향
148,서비스,차량,선정
149,한편,반영,당사
150,지구,부문,적극적
151,정책,개인정보,활용
152,분야,정책,신뢰
153,자발적,동반성장,제보
154,전력,방문,정착
155,적극,각종,절차
156,전체,발굴,행동
157,교체,인권,검증
158,환경적,국민은행,보고서
159,최소,항공기,개선
160,구매,분석,후보
161,비용,의견,지급
162,취득,정기적,체계
163,발생량,연계,신한금융그룹
164,교육,시간,확대
165,문제,한편,홈페이지
166,중국,프로세스,국내외
167,폐수,사랑,기업은행
168,삼성중공업,실현,공유
169,캠페인,채널,의결
170,수상,사전,법령
171,보호,역할,의장
172,모니터링,후원,작성
173,유럽,어린이,정기적
174,가치,기존,자율준수
175,파악,하나금융그룹,정관
176,필요,파악,공정한
177,선박,확산,설치
178,조성,근로자,계획
179,공개,고객만족,결의
180,경영,우리,환경
181,중요,달성,성장
182,전기,전달,도입
183,방지,공동,국내
184,재생,가족,임원
185,상품,리스크,투자자
186,전기자동차,상담,직원
187,성능,은행,적용
188,이슈,해당,기반
189,자체,신뢰,삼성중공업
190,연구,혁신,전원
191,탄소,정착,이해
192,최소화하기,기부,사업
193,이행,커뮤니케이션,제시
194,효율성,이후,회계
195,예상,요구,윤리헌장
196,실현,이슈,과반수
197,지속,일자리,이익
198,건물,국내외,금지
199,사회적,맞춤형,중요성
200,시작,지속,가능
201,공급,영업점,관계
202,변화,설치,효율적
203,소비자,구성원,합리적
204,연료전지,있습,발전
205,체계,인증,분석
206,미래,근무,조사
207,이산화탄소,설립,국민은행
208,요구,신한금융그룹,중심
209,만족,상생,전문
210,원단위,고용,사례
211,가스,사항,신한은행
212,사회,조직문화,산하
213,해당,동안,체계적
214,플라스틱,증진,대표이사
215,해외,지급,위험
216,환경부,확인,확립
217,녹색,규모,지속가능성
218,협약,고객들,유지
219,산업,최선,보고
220,친환경적,대출,비롯
221,전기차,협력업체,금융
222,투자,신한은행,전반
223,환경보호,온라인,위원
224,동참,방지,심의
225,폐차,프로젝트,현황
226,용수,방식,관련하
227,바탕,청소년,승인
228,구성,중국,해외
229,인정,가정,감독
230,리스크,실질적,의결권
231,소재,중요,행동규범
232,법규,특성,자금세탁방지
233,때문,혜택,적극
234,신규,안전,추구
235,폐전자제품,도움,담당
236,운항,컨설팅,직무
237,중심,한국,보장하
238,각종,사회공헌활동,소집
239,한국,대비,가이드라인
240,소비,시장,수렴
241,우리,아이디어,전문가
242,측정,차원,최고
243,완료,디지털,사외
244,국민은행,원칙,한편
245,획득,판매,보상
246,프로젝트,해소,개정
247,제도,추구,이후
248,제거,생산,별도
249,환경친화적,소비자,견제
250,성장,차별화,참석률
251,생태계,자발적,개발
252,역할,구매,사용
253,체결,직무,문화
254,엄격,출시,각종
255,최적화,전국,제고
256,신한은행,전략,전략
257,유해화학물질,이해,기능
258,국제,내용,목적
259,확산,브랜드,전체
260,점검,보안,규제
261,제조,공정,행사
262,최고,신설,있습
263,프로세스,희망,조치
264,환경규제,지속가능,은행
265,지역사회,미국,준법감시
266,방식,증가,보유
267,수질,하나,참석
268,종이,신규,부정
269,확인,비롯,제보자
270,우수,체결,계열사
271,포장재,당사,회의
272,환경안전,소외계층,경제
273,환경오염,선발,기본
274,있습,전체,차원
275,평균,생각,검증팀
276,대기오염물질,모니터링,처리
277,오염,삼성,윤리위원회
278,지정,정보보호,목표
279,효과적,관심,경험
280,전환,생활,다양성
281,반영,부산은행,역량
282,검토,보유,법규준수
283,산정,체험,건전
284,환경성,어려움,영업
285,유도,경험,재무제표
286,공유,자금,구체적
287,공동,사례,지속가능
288,중요성,이행,지속
289,시설,접수,공정성
290,보급,대표,독립적
291,당사,있습니,통제
292,정기적,학생들,상황
293,친환경차,학교,재무
294,금융그룹,조치,실현
295,과제,핵심,평균
296,친환경성,시설,준법감시인
297,유지,유지,영업점
298,변경,인정,의미
299,수소,외부,전사
300,그룹,경제,의지
301,전과정,제작,창출
302,기회,상황,정기
303,재활용률,집중,달성
304,비롯,전문가,극대화
305,배터리,능력,경제적
306,하나,경제적,논의
307,규모,안정적,그룹사
308,신한금융그룹,보상,균형
309,창출,고객정보,의무
310,일부,작업,배포
311,세계적,차별,금융지주
312,사전,국가,투명경영
313,생산공정,목적,추천위원회
314,대당,기능,사업장
315,마련,처리,위원장
316,회사,비전,설문조사
317,동안,실행,접수
318,원재료,산업,경영위원회
319,재료,도모,요소
320,관심,일환,기업문화
321,온실,연속,지역사회
322,방안,주관,실질적
323,녹색성장,이해관계자,관심
324,주관,노사,도출
325,배기가스,고충,발견
326,디젤,대학생,상정
327,오존층,편리,최초
328,증대,영향,신뢰성
329,외부,준수,향상
330,배출권,관계,연간
331,내부,봉사단,자금세탁
332,있습니,의미,권한
333,통합,마케팅,적절
334,방법,아시아나항공,인식
335,대체,자녀,예정
336,나무,니즈,방법
337,보존,절차,데이터
338,협력,설계,부문
339,예방,항공사,사이버
340,해체,노동조합,국가
341,인벤토리,봉사,세계
342,자연,금지,의거
343,경쟁력,손님,시장
344,지구온난화,제고,신설
345,제작,아동,명시
346,전사적,단계,상법
347,실적,협약,관점
348,현황,리더십,의식
349,발표,내부,효과적
350,금융,인도,이용
351,수요,정부,서비스
352,냉장고,방안,범위
353,비율,최우선,인정
354,차종,수상,객관적
355,아시아나항공,효율적,형태
356,차세대,전사,사외이사후보
357,최대,유도,집행
358,실행,홈페이지,현재
359,전사,통합,윤리의식
360,보전,하나은행,구성원
361,차원,접근성,주관
362,업체,제시,리스크관리
363,해결,본사,경쟁
364,발굴,직장,부당한
365,생물다양성,소외,내외부
366,체제,전반,하도급
367,집계,효과,항목
368,화석연료,획득,금품
369,금지,분쟁광물,변화
370,업무,규정,근거
371,물류,외국,기타
372,휴대폰,정비,동안
373,활성화,제안,상시
374,정비,경영진,전달
375,주변,비용,요건
376,기후,비즈니스,엄격
377,최적,학습,보상위원회
378,현재,베트남,확산
379,이하,생산성,정부
380,주행,네트워크,감독하
381,일환,감소,충분한
382,인류,최대,적정성
383,장착,창의적,요청
384,사용단계,형성,기업윤리
385,범위,항목,도모
386,최선,자체,선포
387,수소연료전지차,개인,책임경영
388,가솔린,현대중공업,요구사항
389,여부,사람,기술
390,원칙,담당,철저
391,인간,업체,지주회사
392,총량,거래,신속
393,임직원들,어린이들,최선
394,에너지효율,전사적,분기별
395,부품,공정한,깨끗
396,국가,만족도,감사보고서
397,생각,스마트,핵심
398,소각,위험,관련한
399,연계,보장,대내외
400,경제적,진출,다음
401,원료,실시간,전사적
402,지구환경,신속,분기
403,페인트,투자,자산
404,신차,개설,기존
405,제시,센터,조직문화
406,극대화,공급망,규정하
407,하천,효과적,경영환경
408,운송,가입,리스크관리위원회
409,조직,현재,의사
410,측면,이웃,연결재무제표
411,재활용하,모두,효율성
412,행사,공정거래,위임
413,제정,기업문화,제품
414,중금속,영역,위법
415,요소,초청,조성
416,배출권거래제,소음,회장
417,기업은행,모바,측면
418,인도,협업,사회책임경영
419,향후,계열사,담당자
420,핵심,금융서비스,금액
421,투입,작업환경,정기이사회
422,산출,보장하,있습니
423,재활용성,임원,사실
424,친환경제품,설정,특성
425,선도,자유,기구
426,의미,파트너십,내부거래
427,충전,균형,사회공헌
428,추구,신한카드,소위원회
429,내연기관,증대,방안
430,기타,파견,현장
431,출장,방법,자문
432,대부분,환경안전,경쟁력
433,시간,이외,원활한
434,제외,공장,장기적
435,인프라,연간,일부
436,기록,성별,문제
437,구현,기본,가능성
438,역량,안전관리,설정
439,탑재,세상,기업가치
440,기술개발,전환,약속
441,양산,전파,생각
442,포장,따뜻한,발간
443,생활,여부,설명
444,특성,현황,세무
445,대기오염,안전성,특정
446,촉진,단체,구분
447,충족,전문성,제한
448,영역,상생협력,출석
449,환경경영시스템,특화,활성화
450,조명,학생,사외이사들
451,중량,마음,청취
452,파괴,공간,실행
453,효율화,법규,제출
454,녹색금융,인프라,정확
455,지표,아래,성과평가
456,탄소배출량,기금,방향
457,전문,플랫폼,불공정
458,부분,장학금,전문적
459,모터,인터넷,부패
460,환경보전,일부,영역
461,중장기,법인,주주가치
462,소모,훈련,주식
463,내용,과제,보장
464,환경문제,지정,계약
465,신기술,형태,중대한
466,세탁기,자원봉사,법인
467,대표적,기관,충족
468,기능,청취,협력
469,장치,중요성,강조
470,현장,안전보건,기업지배구조
471,연소,무료,부서
472,공기,데이터,윤리준법
473,기술력,협력사들,재무적
474,이번,공헌,제재
475,개선활동,복지,금융상품
476,도장,장애인,구매
477,항공사,철저,신규
478,사막화,연구,사안
479,몽골,금융소비자,운용
480,다음,유출,자료
481,철저,근무환경,제외
482,에어컨,구현,감시
483,건강,투명,건전성
484,이외,운항,선제적
485,규정,임금,유도
486,실시간,다양성,중대성
487,운행,솔루션,전략적
488,사례,안전한,제작
489,수거,기증,협의
490,연구개발,자립,카르텔
491,미세먼지,청년,현대중공업
492,이해관계자,취업,기회
493,각국,창업,실천지침
494,수질오염물질,공항,감사인
495,경량화,도출,지식
496,연료효율,교육과정,임시이사회
497,이동,부담,권리
498,목표관리제,사고,실제
499,가동,상시,불이익
500,비중,동참,가치판단
501,본사,기내,변경
502,함유,방향,하나금융지주
503,그루,측면,고유
504,부터,의지,내규
505,업계,교육과,설계
506,생산량,협의,차단
507,상황,자신,자회사
508,불필요한,제정,온라인
509,집중,공급,행동기준
510,사항,지식,건강
511,투자하,개인정보보호,반부패
512,온난화,전용,비율
513,일반,확립,임기
514,자동,멘토링,자발적
515,조사,취약계층,종합적
516,개최,기간,일체
517,환경마크,검증,직원들
518,현대,기획,통합
519,영업점,편의성,자체적
520,국제적,노사협의회,누락
521,수치,대표적,행동강령
522,정화,국제,권익
523,동력,담당자,이해상충
524,자체적,요소,매뉴얼
525,배출원,범위,포괄성
526,가입,기록,준법지원
527,누적,저소득층,공급망
528,지속가능성,KEB하나은행,인권
529,에너지원,극대화,아래
530,수소전기차,인식,자격요건
531,신뢰성,평균,증대
532,경영활동,세계적,부분
533,구분,별도,부패방지
534,방침,유럽,진단
535,혁신,카드,체제
536,반도체,검토,추가
537,경제,비율,인력
538,깨끗,노동,상임이사
539,센터,급여,특별
540,공급망,교통안전,웹사이트
541,연속,관점,손실
542,일본,금융상품,비즈니스
543,탄소배출권,프로,전개
544,등록,계층,존중
545,추세,경남은행,구조
546,하나금융그룹,성희롱,심사
547,상승,다문화,활발
548,대기전력,운동,홍보
549,준수,피해,소속
550,인근,정기,제안
551,북미,안정,금융회사
552,브랜드,기술력,강령
553,획기적,업계,권고
554,주기적,고취,동향
555,등급,청소년들,업무수행
556,매립,일반,검증인
557,항목,소비자보호,경영사항
558,부착,가능성,업무집행
559,에너,대한민국,있으
560,가능성,등급,경쟁사
561,위험,서민금융,이슈들
562,시범,홍보,자체
563,분류,영업,증가
564,작업,문제점,기업경영
565,재사용,이번,운영실태
566,울산공장,선박,인사
567,인식,광물,지표
568,정도,노하우,보완
569,비교,질환,토대
570,우리나라,공연,하나
571,추가,특별,정직
572,가이드라인,자율적,정의
573,조화,표준,전문지식
574,능동적,부분,제도적
575,보고,위치한,수수
576,보일러,긍정적,형성
577,투명,전문인력,부합
578,산하,경영활동,숙지
579,연구소,금융교육,규범
580,경제성,아시아,이외
581,항공,추가,일환
582,원자재,복리후생,장기성과급
583,목적,운용,이사들
584,설립,편의,내부거래위원회
585,올해,발휘,경영이념
586,감축목표,교류,최소
587,최종,정규직,주기적
588,전반,때문,신고자
589,질소산화물,계기,세부
590,기준치,원활한,내역
591,성공,신속한,오류
592,폐제품,화학물질,관행
593,지상,퇴직,대비
594,연료절감,이동,전담
595,절차,이해관계자들,본사
596,간접,존중,내부회계관리제도
597,금융기관,쾌적,게시
598,플러그,수리,후보군
599,자원순환,기부금,분야별
600,폐열,간담회,대응성
601,도료,인원,일정
602,소비전력,기업시민,지향
603,에코디자,완료,임직
604,운동,금액,방침
605,직원,중점,공통
606,에너지절약,발표,임원들
607,기관,혁신적,우리금융그룹
608,결정,준비,임시
609,냉난방,개선활동,시간
610,주력,신한생명,방문
611,장점,현대,성실
612,방류,장려,방식
613,스마트,본인,취득
614,은행,신입사원,충실
615,실질적,사내,신고제도
616,관리체계,권리,출석률
617,구체적,불만,모두
618,저감활동,등록,전화
619,안정적,단위,성별
620,냉매,여행,장치
621,제품군,공개,내부규범
622,방류수,대학,기대
623,사막,접근,자율적
624,정착,전담,향후
625,추가적,부합,대화
626,의무,주제,증진
627,자료,최신,경영성과
628,청정,의거,배경
629,솔루션,의료,실무
630,사람,항공,정립
631,파트너십,양질,표시
632,국가별,출연,부적절
633,변속기,안전문화,협의체
634,에코,가운데,대표
635,적정,민원,감사업무
636,비전,서민,이사회운영위원회
637,고갈,금융지원,중장기
638,온실가스에너지,시너지,가운데
639,인버터,펀드,현장점검
640,디자인,인사,경영정보
641,이전,스포츠,설문
642,상쇄,스트레스,준법의식
643,안전,배치,최고경영진
644,울산,전문적,근간
645,전자제품,포상,찬성
646,전년대비,선도,공정거래위원회
647,의지,신기술,주제
648,라인업,개개인,은행장
649,부족,지향,우수
650,복원,이미지,제개정
651,장기적,금융권,풍부
652,비즈니스,건강관리,명확
653,중장기적,지역별,비밀
654,출력,스타트업,담당자들
655,운용,자체적,구현
656,개념,논의,환경적
657,환경오염물질,아프리카,전파
658,소비자들,자사,인트라넷
659,방지시설,창구,기본적
660,가운데,인근,감사팀
661,고객들,마을,과세당국
662,본점,국민,사업부
663,장비,취득,아시아나항공
664,준비,인재육성,미래
665,환산,선제적,연계
666,녹색구매,수집,지역
667,이래,의식,비전
668,전세계,연결,평가결과
669,선포,의무,발행
670,유발,자료,보상체계
671,사내,실제,기재
672,악취,최소,정비
673,시범운행,고객만족도,경영발전보상위원회
674,알루미늄,아동노동,공동
675,조치,근로환경,기관
676,이해관계자들,결정,공지
677,관리시스템,가이드라인,전담조직
678,단위,배포,거버넌스
679,대내외,구분,요인
680,전용,승객,현안
681,환경부하,작성,기업시민
682,요인,기본적,개진
683,방향,안전사고,국제
684,실가스,오픈,접근
685,회수처리,법률,중국
686,도장공장,국민카드,투명경영위원회
687,항공부문,콘텐츠,대한민국
688,전국,스마트폰,식별
689,직접적,선택,사항들
690,유통,참가,겸직
691,친화적,합리적,규정한
692,별도,최소화,모범규준
693,도출,개인별,협력업체
694,전량,제거,상품
695,스팀,문화예술,청탁금지법
696,재활,장기적,불법적
697,폐기,모델,인증
698,재자원화,종합,금융감독원
699,지역별,자리,단위
700,거래,부서,서약서
701,보유,계약,책임
702,논의,정확,의사결정기구
703,담당,회의,대외
704,모두,리더,인터뷰
705,단계적,신청,이수
706,할당,변경,개인
707,구동,파트너,수시
708,아이오닉,발견,신고제
709,아반떼,운전자,사이트
710,노선,금융소비자보호,사업활동
711,공항,고충처리,적합한
712,선언,어린이집,기반한
713,환경관련,노사관계,기간
714,수집,무상,지주
715,기업들,지점,임명
716,상태,설비,정신
717,절감활동,참석,비윤리적
718,심사,효율성,확고
719,용량,소프트웨어,최우선
720,선도적,건강증진,원회
721,표준,측정,여성
722,능력,모금,등급
723,동차,행동규범,최종적
724,온도,충돌,경영상
725,부정적,이하,현지
726,감축활동,지속가능성,필요성
727,탄소경영,정립,경영실적
728,형태,교통사고,급변
729,연료관리,핵심가치,부문별
730,토대,아이들,성과급
731,관점,차세대,준법지원팀
732,모니터,제련소,담합
733,시너,충족,공정거래법
734,품질,슬로건,가이드
735,탄소발자국,사원,이해관계자별
736,청정생산,소개,표준
737,사업장별,전년,행동원칙
738,화학,법정,선물
739,에너지스타,치료,입수
740,항공운송,지역경제,사건
741,대출,이벤트,체결
742,낭비,함양,지위
743,친환,출범,자격
744,녹색산업,고민,질서
745,완화,분기별,조정
746,제조공정,향후,출석이사
747,억제,단순,적시
748,그린경영,사이버,지속가능경영보고
749,건조,활발,국적
750,투싼,진단,업무처리
751,문화,금융사,객관성
752,소비량,판단,동반성장
753,혜택,국가별,목소리
754,금융상품,동반,대변
755,신형,였습니,전문가들
756,판단,약자,사유
757,아래,최상,의사소통
758,손실,도록,개선활동
759,대표,토대,선언
760,원인,이유,거래업체
761,인체,사회책임경영,등록
762,건설,생태계,시작
763,작성,철학,저해
764,기간,종교,권장
765,커뮤니케이션,이익,해결
766,기여,그룹사,국제적
767,매출액,편안,독려
768,순환,종합적,신한금융투자
769,파괴물질,모색,윤리규정
770,화성,정신,존경
771,구조,성공,기본방침
772,촉매,침해,영향력
773,아산공장,질병,측정
774,기대,기타,왜곡표시
775,삼성,인류,안정적
776,용지,지속가능경영,총괄
777,모색,근골격계,체크리스트
778,관련하,디자인,교육과
779,정량적,임직,뇌물
780,실제,성공적,반기
781,휘발성,이수,실태
782,유해성,체제,수상
783,황사,사이트,지정
784,폐가전,화재,미국
785,기법,저소득,실적
786,자금,은행권,조언
787,하이브리드차,근로시간,비중
788,가격,이해관계,금융투자업
789,인쇄,선포,사내
790,중소기업,경쟁,궁극적
791,나무심기,육성하기,하나은행
792,차별화,관련한,행동방식
793,녹색기업,세미나,국가별
794,보고서,반영한,이해관
795,저장,기여,단계
796,전망,인도네시아,초과
797,기후변화협약,작업장,배제
798,법인,제조,상시적
799,단계별,개정,세법
800,환경비용,수렴,전반적
801,독자,콜센터,확정
802,기종,자원,본인
803,갤럭시,자산,능력
804,방문,개념,판매
805,부응,부터,고위험
806,조건,주민,최종
807,필요성,그램,팩스
808,로드맵,구체적,상세
809,환경경영체제,건립,직무수행
810,펀드,신차,행동지침
811,단체,명시,핵심가치
812,불구,장비,였습니
813,상용화,서울,의심
814,의견,재능,한층
815,수송,정도,경영현황
816,제한,요청,네트워크
817,모듈,장소,충돌
818,수도권,근본적,반영해
819,처리시설,약속,마케팅
820,재활용량,도전,정정당당
821,소형,인센티브,협력사들
822,생산과정,의료비,자문회의
823,폐자동차,건강검진,행복
824,개발한,전액,건전한
825,전기모터,심사,최대
826,성분,극복,소비자
827,디젤차,적합한,금융소비자
828,폐페인트,확장,워크숍
829,슬러지,노인,이내
830,운반선,분야별,납부
831,시범사업,컴퓨터,스크
832,목표관리,주민들,금융기관
833,였습니,정보보안,비용
834,네트워크,수수료,표명
835,협업,적절,부터
836,홍보,사용자,계열사별
837,가지,마인드,협의회
838,접근,소리,보고사항
839,생산공장,가족들,선도
840,위치한,아카데미,수탁자
841,환경관리,전략적,책임감
842,패널,독려,상생
843,재이용,강제노동,최소화
844,탄소성적표지,분위기,광고
845,사업부,병행,급여
846,세부,상승,자본시장
847,부피,물품,제기
848,폐수처리장,사업장별,관심사항
849,대두,다문화가정,이번
850,이니셔티브,조건,다짐
851,제고,적립,그룹사별
852,탄소중립,자동,신한생명
853,거래제,있으,경로
854,신설,전세계,과반
855,부담,울산,후보자
856,소개,실적,계기
857,협력업체,엄격,자신
858,발효,단체협약,재산
859,혁신적,목소리,배석
860,있으,애로사항,위반사항
861,성공적,기대,부서장
862,본격적,친환경,조세
863,농도,구입,종료
864,수소연료전지,검진,지배기구
865,소음,최적,세부적
866,현대중공업,자율,명성
867,항공업계,산업재해,주식회사
868,기내,안전운항,자금
869,축소,초등학교,선출
870,그룹사,강사,조항
871,지점,기업들,업체
872,자재,우수인재,배당
873,각각,호응,프로
874,대형,불편,리스
875,지속가능경영,대책,통지
876,에너지관리공단,프로그,징계
877,명세서,부족한,경력
878,노후,주기적,세분화
879,소나무,고객가치,일상적
880,부하,피드백,금융투자상품
881,이념,휴가,내재화
882,점진적,규제,자유
883,차체,자유로운,사업보고
884,승용차,소아암,이행실태
885,선택,도약,본부장
886,선제적,인종,헌장
887,공간,가이드,발표
888,자사,안전교육,자가평가
889,취급,누구,실천의지
890,후원,사회복지,권익보호
891,녹색기술,비중,대주주
892,장려,문화적,기대사항
893,이해,승무원,의안
894,유엔,자리매김,시설
895,천연가스,올해,여러분
896,동급,매뉴얼,신한카드
897,가능률,주력,인원
898,토양,취약,시각
899,kmℓ,고객서비스,부정행위
900,수명,방침,집중
901,리싸이클,공모전,한국
902,대기환경,연구개발,지급액
903,항공유,우리금융그룹,손님
904,관련한,보완,KEB하나은행
905,요구사항,성과평가,윤리실천강령
906,편입,위원회,윤리사무국
907,환경개선,빈곤,문의
908,가정,국제적,삼성
909,차단,헌혈,직무집행
910,현지,금리,보수위원회
911,탄소배출,일정,기록
912,면적,역량강화,금융사
913,출량,의사결정,보고기간
914,종합적,한층,감사증거
915,환경법규,능동적,근절
916,세대,설문조사,감소
917,진단,주변,부당
918,감축량,부문별,병행
919,담당자,고객중심,윤리교육
920,제로화,강조,혁신
921,축적,동반자,필수적
922,첨단,촉진,외부감사인
923,태양전지,투입,감사위원
924,계열사,이전,천명
925,기부,이래,반영한
926,전략적,서비,관리체계
927,경험,단계별,이하
928,분사,중소,분리
929,심각,현안,근무
930,채택,입사,독립
931,세척,긴급,관련성
932,사무용,도서관,수단
933,거두,신한금융투자,수집
934,산업계,유기적,우선순위
935,카드뮴,언어,정리
936,유출,도시,산업
937,화성공장,위반,포상
938,광주공장,관리체계,동참
939,감량,금융기관,내부통제시스템
940,디지털,소재,제거
941,대중교통,로그램,직면
942,하반기,우대,의결사항
943,협의,전통시장,직장
944,동향,관련하,선택
945,증진,금융소외계층,접근성
946,운전,위주,정도
947,전문가,화합,이념
948,전파,대화,전자공시시스템
949,최신,개편,노출
950,전달,품질경영,소개
951,유입,분류,경영회의
952,발전설비,맞이,교류
953,지수,경영이념,해외법인
954,에너지경영시스템,요구사항,재산상태
955,가량,직접적,감사실
956,수단,우수사례,컴플라이언스팀
957,하나은행,중장기,모범적
958,입증,비대,임원후보추천위원회
959,학교,육아휴직,연구
960,수처리,건전,개별
961,부문별,노사간,현금보상
962,고무,상호,청탁
963,표준화,직급,확신
964,도모,러시아,과제
965,권장,공감대,관리자
966,환경정화,국적,신고
967,대규모,실무,익명성
968,요청,캠프,최대주주
969,과거,책임,감사위원후보추천위원회
970,대안,위험요인,견제기능
971,영국,기아,적정
972,공공기관,의사,감안
973,인증기관,교통,연차보고서
974,순수,안전의식,금융업
975,정화활동,자율준수,기업들
976,모드,작업자,품질
977,규제치,차단,종합평가
978,디젤엔진,진정성,정기주주총회
979,화물,비스,지적
980,국내선,지역주민,본부
981,환경영향평가,나눔,입찰
982,온라인,공모,인터넷
983,전원,산하,제정한
984,쾌적,접점,소액주주
985,선진국,시대,동영상
986,풍력,장기,안정성
987,주목,연구소,강력한
988,가이드,협의회,내부적
989,사무,영위,성립
990,스템,수익,재무정보
991,재활용업체,절감,신한금융지주회사
992,보완,여기,컨설팅
993,육성,선진,정당한
994,모니터링하,가지,국제사회
995,연비개선,감사,이사회내
996,배포,본부,협약
997,정확,종업원,다각적
998,기본,부산,실력
999,쓰레기,한국어,경영원칙
1000,설계단계,소상공,니즈
1001,구미,지원사업,출범
1002,다량,잠재적,포럼
1003,어워드,객관적,영하
1004,내구성,경력,함양
1005,서비스센터,인재들,자산운용
1006,수출,검사,경영방침
1007,연장,성능,유의적
1008,제조사업장,영하,이사진
1009,여객,보급,부정청탁
1010,현상,완화,발굴
1011,검증기관,직급별,최고경영자
1012,아이디어,빅데이터,유가증권
1013,계속,기반한,협조
1014,주제,관리자,계약서
1015,부합,무엇,벌금
1016,리더십,표준화,상기
1017,업무협약,병원,산출
1018,상대적,연령,차별화
1019,조정,총괄,캠페인
1020,기술적,하반기,공감대
1021,무엇,웹사이트,실시간
1022,금속,단체교섭,자금세탁방지업무
1023,에너지경영,확충,추세
1024,CO₂,경영철학,보수체계
1025,신한카드,육아,긍정적
1026,노하우,첨단,발송
1027,아시아,지원활동,만족
1028,도장공정,환자,유지하기
1029,부산물,대내외,사전심의
1030,환경사고,원인,경영전략
1031,수용성,위험성,때문
1032,업장,무재해,피드백
1033,수소충전소,서비스센터,효과
1034,오폐수,금융감독원,이해도
1035,전주공장,대처,수록
1036,블루드라이브,대회,신고센터
1037,카드,상대적,사안들
1038,사회공헌,청년들,창구
1039,완성,매출,시장질서
1040,조절,열정,핵심적
1041,금융권,직업,적발
1042,서울,소중,접목
1043,국제표준,포인트,윤리기준
1044,진출,현장점검,재직
1045,앞장,부서장,신분
1046,매뉴얼,스쿨,기본급
1047,풍력발전,기술개발,피해
1048,배출저감,금연,중점
1049,형성,제한,경영현안
1050,활발,노동인권,하나인
1051,승인,안정성,사내외
1052,지구적,자동화,자동차
1053,해양,부족,준법지원인
1054,적응,행동,준법가이드라인
1055,특성상,위상,가치창조
1056,양성,핀테크,언어
1057,무게,명절,중국어
1058,데이터베이스,전담조직,국제거래
1059,생산현장,수요,내부비
1060,경영시스템,소속,연속
1061,산소,영국,금융산업
1062,궁극적,서비스품질,참여도
1063,안전성,외환은행,업무상
1064,자원순환형,누적,감사의견
1065,재활용율,핵심인재,관여
1066,아산,승진,상호
1067,경쟁,상주,내부통제기준
1068,관리기준,수료,지역별
1069,생산사업장,테마,신뢰도
1070,가전제품,인재양성,리더십
1071,에코파트너,멘토,감시기능
1072,컨설팅,제도적,금융사고
1073,간접적,평등,도덕성
1074,의거,보험,본연
1075,환경이슈,상태,회장후보추천위원회
1076,감안,취지,방향성
1077,지향,조정,외부감사
1078,강조,일원,수익
1079,발전소,업무협약,관리시스템
1080,풍요로운,공감,문제점
1081,지식경제부,필수적,주주투자자
1082,시대,재단,문서
1083,규정하,이내,현업부서
1084,참석,다음,집합교육
1085,교토의정서,기초,총액
1086,적절,해외법인,대규모
1087,대한민국,저금리,인종
1088,공표,면제,트렌드
1089,증설,취급,학계
1090,존중,조화,법무
1091,반응,대기업,개선방안
1092,직면,휴대폰,거래행위
1093,테스트,불편함,획득
1094,재질,초점,개념
1095,재활용할,인류사회,법률적
1096,판매량,항공권,맞춤형
1097,포르테,발급,서면
1098,출발,제휴,금융인
1099,연료전지차,권고,사회공헌활동
1100,추출,응대,포괄적
1101,회수량,감동,이전
1102,무공해,고객응대,기업활동
1103,수소사회,시상,회사경영
1104,수주,권익,성과보수
1105,비행계획,진정한,부정적
1106,근거,성금,이메
1107,직원들,필요성,담당부서
1108,성장동력,입장,이사보수
1109,위반,경영환경,편람
1110,제출,대금,준수여부
1111,재생용지,비행,제보시스템
1112,참가,매년,경청
1113,계기,활성,자율
1114,사용자,전화,사랑
1115,기후변화대응,격려,독점규제
1116,개정,게시판,준법교육
1117,회의,가격,이래
1118,소요,아름,인간존중
1119,용이한,엔지니어,영어
1120,보관,집중적,뉴스
1121,저공해,출산,사업본부
1122,공정개선,사안,협력회사들
1123,자동변속기,여건,신중
1124,동력원,근로자들,연구회
1125,결합,여성인력,경영시스템
1126,기준연도,이웃과,도움
1127,원가절감,고유,변동
1128,가솔린차,지진,주가
1129,제작사,설명회,세계적
1130,그린존,선언,로써
1131,서식지,장착,법인세
1132,작업장,수시,결정한
1133,재생플라스틱,위험요소,가지
1134,회수재활용,안전경영,미비점
1135,거제조선소,현대중공업그룹,수정
1136,고취,기내식,정량적
1137,의식,지속성장,사장
1138,출퇴근,경력개발,모바
1139,필수적,미만,코드
1140,프로,과거,입각
1141,실내,신뢰도,지배
1142,잉크,차이,총회
1143,수익,복리후생제도,향응
1144,구입,클레임,심의의결
1145,콩기름,사업부,배분
1146,인천,시각장애,준법지원부
1147,금융지원,신념,구성함
1148,한층,워크숍,지시
1149,심각성,대상자,충실성
1150,방출,곳곳,평가지표
1151,의사결정,수익금,한국기업지배구조원
1152,정립,자녀들,공정거래자율준수
1153,국제사회,최소화하기,관리감독
1154,자원화,책임자,사람
1155,석유,경기,법규위반
1156,충전기,일본,금융지주회사법
1157,봉사활동,근로조건,반영하기
1158,협의체,일상,지속가능경영보고서
1159,노트북,가동,각각
1160,합리적,요인,종합
1161,우수성,추천,사회책
1162,사고,공유가치,개개인
1163,자율적,예술,훼손
1164,동식물,접목,지점
1165,문제점,최근,발휘
1166,환경투자,대학생들,부당행위
1167,실린더,해외법,불공정거래
1168,근본적,캄보디아,포괄성Inclusivity
1169,개발단계,일할,실천적
1170,제품개발,거점,중소기업
1171,대체연료,사후관리,고위
1172,에탄올,직무교육,겸비
1173,부서,대부분,주주들
1174,특징,사회적기업,외이사
1175,아산사업장,각국,중대
1176,학생들,특허,공감
1177,금융산업,하나카드,벤치마킹
1178,종류,동차,추천권
1179,시점,회원사,일상
1180,지역주민,휠체어,사적
1181,피해,안정화,미흡
1182,신축,통장,제작배포
1183,약속,고객센터,추진현황
1184,관리업체,양립,핸드북
1185,분리수거,상생경영,자율준수프로그램
1186,마크,윤리적,인적사항
1187,만큼,규정하,현대중공업그룹
1188,경영진,유형,장기성
1189,이미지,노사문화,건의사항
1190,병행,통제,경영계획
1191,탄소정보공개,재능기부,감사절차
1192,이해관계,동향,충분
1193,연결,설명,정치
1194,이중,박물관,입장
1195,원활한,퇴치,공헌
1196,잠재적,교사,주주총
1197,작용,협력회사들,조화
1198,시스,캐피탈,전년
1199,적합한,자산관리,계획하
1200,최근,지표,신뢰관계
1201,폐휴대폰,최우수,설명회
1202,단기적,적응,본점
1203,고유,트렌드,완료
1204,확장,결연,물품
1205,배출농도,신뢰성,영업행위
1206,스택,공식,징구
1207,저항,조회,시하
1208,에코효율성,제출,금전적
1209,거리,궁극적,자기점검
1210,정지,장치,금융시장
1211,매출,인사제도,사외이사만
1212,자동차산업,납품,촉진
1213,싼타페,재해율,투자자들
1214,초순수,고도화,영위
1215,환경분야,금융거래,개설
1216,버스,행위,집중적
1217,적립,상반기,익명
1218,우대,최적화,각국
1219,환경보존,양성하기,표창
1220,생성,시각장애인,참여토록
1221,화상회의,동등,관심사
1222,한해,윤리,소통채널
1223,녹색금융상품,구조,초래
1224,전세계적,위치,인식하
1225,환경기준,인간,우수사례
1226,환경방침,제기,사고
1227,확립,수송,잘못된
1228,개별,감사나눔,세금
1229,인프,부응,국민
1230,도시가스,급변,공약
1231,정기,세부,재발
1232,주도하,농촌,적법
1233,도전,열악,유관부서
1234,통합적,자부심,반대
1235,관리함,공동체,개선방향
1236,허가,근절,고취
1237,예방적,제외,간담회
1238,환경친화,대형,직위
1239,단순,협력회,신용
1240,기획,노선,상충
1241,표시,조선소,집합
1242,심화,보이스피싱,관계자들
1243,모빌리티,본점,프로젝트
1244,질소산화물NOx,영어,대응방안
1245,광주,세대,통보
1246,사용현황,현업,관계자
1247,가속,완벽,가입
1248,완성차,뱅킹,미디어
1249,남양연구소,동영상,후보추천위원회
1250,자동차용,인권보호,선진
1251,신소재,자기계발,직속
1252,폐차처리,미션,관계사
1253,유기용제,음악,당부
1254,위탁,서로,회계정보
1255,중단,선물,사전설명제도
1256,입자상,배양,조사할
1257,압축기,배출,뉴스레터
1258,어린이들,전시,전문위원회
1259,생산법인,개방,준법통제기준
1260,에코인덱스,복구,조력자
1261,비행,자매결연,기능별
1262,국민,보행자,항공업계
1263,관계,직종,핵심이슈
1264,자연재해,채굴,이미지
1265,자연환경,거제조선소,책임성
1266,동절기,관람,도약
1267,최첨단,사회문제,신원
1268,업종,연장,위반사례
1269,생산성,오프라,한국채택국제회계기준
1270,대외,재발,열람
1271,국민카드,노출,도록
1272,도시,환원,회계감사기준
1273,난방,우수기업,누구
1274,흡수,수용,각자
1275,소폭,출신,자리
1276,훈련,공통,게시판
1277,종합,의사소통,운영지침
1278,세상,습득,침해
1279,극복,승인,안내
1280,지정폐기물,생명,횟수
1281,달러,경감,투자
1282,상쇄배출권,독거노,경영자
1283,자리,컨텐츠,내부고발
1284,가로등,우수성,의무화
1285,토양오염,중견기업,스튜어드십
1286,패러다임,회원,서약
1287,캘리포니아,고객만족경영,경중
1288,환경정보,예약,자세한
1289,생산단계,우리은행,우수기업
1290,환경정화활동,사회책,이유
1291,개발해,참여형,관련법규
1292,생태,복지제도,관계법령
1293,식물,김장,해소
1294,한계,금융회사,예산
1295,협정,자긍심,맥락
1296,이유,고령화,성과지표
1297,수록,투명성,해관계자
1298,운전자,납부,용역
1299,환경교육,에너지,우편
1300,작동,인트라넷,공모
1301,독자적,사후,홍보물
1302,규격,메뉴,시상
1303,오존,아동들,당국
1304,무상,필리핀,금융거래
1305,대기질,노조,검증의견
1306,박차,엔진,영리
1307,멸종위기,품질관리,으로써
1308,최우선,좌석,효율
1309,계열,계속,검증기관
1310,오븐,취약점,기본정신
1311,멸종,사람들,실효성
1312,구미사업장,구직자,운영위원회
1313,컨테이너선,동기,접촉
1314,쿠부치,예상,창조적
1315,현대화,이웃들,교육과정
1316,전기료,임산부,청렴
1317,특정,토론,채용
1318,주최,협력관계,대응성Responsiveness
1319,소중함,고객정보보호,그룹별
1320,기업경영,이바,분류
1321,재무적,손해보험,통신망
1322,순차적,전반적,위치
1323,녹색생활,안전점검,윤리경
1324,공조,분쟁지역,포털
1325,생활화,화물,사무직
1326,위치,자금지원,신문
1327,한정,로드맵,감사부
1328,시나리오,위협,현업
1329,절감효과,발행,근본적
1330,전면,점수,관계사별
1331,체계화,특성화,평등
1332,신속한,동기부여,외환은행
1333,기본법,분기,블로그
1334,중대한,어디,종류
1335,홈페이지,지역아동센터,자율준수활동
1336,친환경상품,잠재,준법지원제도
1337,대외적,선순환,실천강령
1338,유류,소비,준법통제
1339,청정에너지,미흡,관련해서
1340,적합성,애플리케이션,초일류
1341,베트남,전문기관,조직책임자
1342,정량화,주재원,냉정
1343,유틸리티,브라질,스페인어
1344,이내,탑승,사업본부장
1345,신한생명,딜러,근로자
1346,기물,생산현장,증빙
1347,발간,포용적,헬프데스크
1348,분리,형식,출장비
1349,녹색화,상당,관광
